static_href,wordpress_href
about.html,/about/
article.html,/blog/
blog-belyy-chay.html,/blog/belyy-chay/
blog-chaynaya-ceremoniya.html,/blog/chaynaya-ceremoniya/
blog-chto-takoe-gaba.html,/blog/chto-takoe-gaba/
blog-chto-takoe-puer.html,/blog/chto-takoe-puer/
blog-chto-takoe-ulun.html,/blog/chto-takoe-ulun/
blog-kak-vybrat-kitayskiy-chay.html,/blog/kak-vybrat-kitayskiy-chay/
blog-kak-zavarivat-chay-prolivami.html,/blog/kak-zavarivat-chay-prolivami/
blog-kak-zavarivat-da-hun-pao.html,/blog/kak-zavarivat-da-hun-pao/
blog-kak-zavarivat-gaba.html,/blog/kak-zavarivat-gaba/
blog-kak-zavarivat-puer.html,/blog/kak-zavarivat-puer/
blog-kak-zavarivat-shen-puer.html,/blog/kak-zavarivat-shen-puer/
blog-kak-zavarivat-shu-puer.html,/blog/kak-zavarivat-shu-puer/
blog-kak-zavarivat-ulun.html,/blog/kak-zavarivat-ulun/
blog-kuda-shodit-na-kirovke-chelyabinsk.html,/blog/kuda-shodit-na-kirovke-chelyabinsk/
blog-kuda-shodit-na-svidanie-v-chelyabinske.html,/blog/kuda-shodit-na-svidanie-v-chelyabinske/
blog-molochnyy-ulun.html,/blog/molochnyy-ulun/
blog-shen-i-shu-puer-raznitsa.html,/blog/shen-i-shu-puer-raznitsa/
blog-smola-puera.html,/blog/smola-puera/
blog.html,/blog/
blog.html?page=2,/blog/?page=2
blog.html?page=3,/blog/?page=3
blog.html?page=8,/blog/?page=8
booking.html,/booking/
chaynaya-ceremoniya.html,/chaynaya-ceremoniya/
consent.html,/consent/
contacts.html,/contacts/
event.html,/events/
events.html,/events/
events.html?page=2#events-list,/events/?page=2#events-list
events.html?page=3#events-list,/events/?page=3#events-list
events.html?page=8#events-list,/events/?page=8#events-list
index.html,/
menu.html,/menu/
menu.html?category=author-tea#catalog,/menu/?category=author-tea#catalog
menu.html?category=bubble-tea#catalog,/menu/?category=bubble-tea#catalog
menu.html?category=dark-oolong,/menu/?category=dark-oolong
menu.html?category=dark-oolong#catalog,/menu/?category=dark-oolong#catalog
menu.html?category=gaba,/menu/?category=gaba
menu.html?category=gaba#catalog,/menu/?category=gaba#catalog
menu.html?category=hei-cha#catalog,/menu/?category=hei-cha#catalog
menu.html?category=lemonades#catalog,/menu/?category=lemonades#catalog
menu.html?category=light-oolong,/menu/?category=light-oolong
menu.html?category=light-oolong#catalog,/menu/?category=light-oolong#catalog
menu.html?category=red-tea#catalog,/menu/?category=red-tea#catalog
menu.html?category=sheng-puer,/menu/?category=sheng-puer
menu.html?category=sheng-puer#catalog,/menu/?category=sheng-puer#catalog
menu.html?category=shu-puer,/menu/?category=shu-puer
menu.html?category=shu-puer#catalog,/menu/?category=shu-puer#catalog
menu.html?category=white-tea,/menu/?category=white-tea
menu.html?category=white-tea#catalog,/menu/?category=white-tea#catalog
menu.html?category=yellow-tea#catalog,/menu/?category=yellow-tea#catalog
privacy.html,/privacy/
